{"USL":[1.0,1.0,1.0,1.0,0.7,0.7,0.3,0.7,0.7,0.3,1.3,1.3,0.32,1.4,1.4,0.8,0.85,0.85,0.3,0.6],
"LSL":[0.8,0.8,0.8,0.8,0.2,0.2,0.0,0.25,0.25,0.0,0.4,0.4,0.0,0.5,0.5,0.0,0.3,0.3,0.0,0.25],
"Mult1":[1.0,1.0,1.0,1.0,1.0,1.0,1.0,1.0,1.0,1.0,1.0,1.0,1.0,1.0,1.0,1.0,1.0,1.0,1.0,1.0],
"Add1":[0.0,0.0,0.0,-0.00069,-0.0179,-0.02267,0.0,-0.01729,-0.01936,0.0,0.03279,0.02655,0.0,-0.03388,-0.03449,0.0,0.0082,0.01732,0.0,0.07865],
"Mult2":[1.0,1.0,1.0,1.0,1.0,1.0,1.0,1.0,1.0,1.0,1.0,1.0,1.0,1.0,1.0,1.0,1.0,1.0,1.0,1.0],
"Add2":[0.0,0.0,0.0,-0.00052,-0.00668,-0.02131,0.0,-0.01376,-0.02183,0.0,0.03414,0.02629,0.0,-0.03291,-0.03227,0.0,0.01036,0.02028,0.0,0.04937],
"DataReadPortParam1":
{"PortName":"COM11",
"BaudRate":19200,
"StopBits":1,
"DataBits":8,
"Parity":0},
"DataReadPortParam2":
{"PortName":"COM12",
"BaudRate":19200,
"StopBits":1,
"DataBits":8,
"Parity":0},
"HeightSensorPortParam":
{"PortName":"COM2",
"BaudRate":9600,
"StopBits":1,
"DataBits":8,
"Parity":0},
"LightControlPortParam":
{"PortName":"COM3",
"BaudRate":19200,
"StopBits":1,
"DataBits":8,
"Parity":0},
"IoPortParam":
{"PortName":"COM5",
"BaudRate":19200,
"StopBits":1,
"DataBits":8,
"Parity":0},
"DictPos":
{"取料位1":980.0,
"扫码位1":630.0,
"等待位1":630.0,
"放料位1":980.0,
"取料位2":980.0,
"扫码位2":630.0,
"等待位2":630.0,
"放料位2":980.0},
"DictAxis":
{"取料位1":1,
"扫码位1":1,
"等待位1":1,
"放料位1":1,
"取料位2":2,
"扫码位2":2,
"等待位2":2,
"放料位2":2},
"DicCheck":
{"Power switch":
{"Xpos":36.615,
"Ypos":621.0,
"Zpos":39.0,
"Channel1":33,
"Channel2":56},
"Switch screw 1":
{"Xpos":36.615,
"Ypos":621.0,
"Zpos":39.0,
"Channel1":160,
"Channel2":70},
"Power flex&Connector buckle":
{"Xpos":36.615,
"Ypos":621.0,
"Zpos":39.0,
"Channel1":90,
"Channel2":140},
"Mesa flex&Connector buckle":
{"Xpos":31.615,
"Ypos":596.0,
"Zpos":39.3,
"Channel1":135,
"Channel2":60},
"Mesa jumper flex cosmetic 1":
{"Xpos":32.615,
"Ypos":582.0,
"Zpos":40.0,
"Channel1":255,
"Channel2":140},
"Mesa jumper flex cosmetic 2":
{"Xpos":32.615,
"Ypos":560.8,
"Zpos":40.0,
"Channel1":255,
"Channel2":140},
"Mesa jumper flex cosmetic 3":
{"Xpos":32.615,
"Ypos":539.6,
"Zpos":40.0,
"Channel1":255,
"Channel2":140},
"Mesa jumper flex cosmetic 4":
{"Xpos":32.615,
"Ypos":518.5,
"Zpos":40.0,
"Channel1":255,
"Channel2":140},
"MLB jumper flex B2B":
{"Xpos":31.015,
"Ypos":490.0,
"Zpos":39.5,
"Channel1":255,
"Channel2":0},
"E75 flex&Connector buckle":
{"Xpos":20.615,
"Ypos":488.1,
"Zpos":39.0,
"Channel1":51,
"Channel2":80},
"MLB flex&Connector buckle":
{"Xpos":25.615,
"Ypos":463.0,
"Zpos":39.0,
"Channel1":0,
"Channel2":80},
"Main board screw 3":
{"Xpos":25.615,
"Ypos":463.0,
"Zpos":39.0,
"Channel1":160,
"Channel2":70},
"Main board screw 2":
{"Xpos":27.615,
"Ypos":417.363,
"Zpos":39.0,
"Channel1":160,
"Channel2":70},
"Main board screw 1":
{"Xpos":27.615,
"Ypos":417.363,
"Zpos":39.0,
"Channel1":160,
"Channel2":70},
"Antenna shrapnel":
{"Xpos":27.615,
"Ypos":417.363,
"Zpos":39.0,
"Channel1":170,
"Channel2":90}},
"OffsetY2toY1":1.1,
"OffsetX2toX1":270.749,
"OffsetZ2toZ1":0.0,
"OffsetAltimeterToCameraX":-17.35,
"OffsetAltimeterToCameraY":-64.5,
"OffsetAltimeterToCameraZ":0.0,
"OffsetX":[-0.8,-2.0,-4.0,-1.2,-4.5,-3.0],
"OffsetY":[-0.3,-5.0,-5.0,-3.0,-3.0,-1.5]}