{"USL":[1.0,1.0,1.0,1.0,0.3,0.3,0.2,0.6,0.6,0.2,0.9,0.9,0.2,0.9,0.9,0.2,0.8,0.8,0.2,0.4],
"LSL":[0.8,0.8,0.8,0.8,0.1,0.1,0.0,0.4,0.4,0.0,0.7,0.7,0.0,1.1,0.8,0.0,0.6,0.6,0.0,0.2],
"Mult1":[1.0,1.0,1.0,1.0,1.0,1.0,1.0,1.0,1.0,1.0,1.0,1.0,1.0,1.0,1.0,1.0,1.0,1.0,1.0,1.0],
"Add1":[0.0,0.0,0.0,-0.00069,-0.0179,-0.02267,0.0,-0.01729,-0.01936,0.0,0.03279,0.02655,0.0,-0.03388,-0.03449,0.0,0.0082,0.01732,0.0,0.07865],
"Mult2":[1.0,1.0,1.0,1.0,1.0,1.0,1.0,1.0,1.0,1.0,1.0,1.0,1.0,1.0,1.0,1.0,1.0,1.0,1.0,1.0],
"Add2":[0.0,0.0,0.0,-0.00052,-0.00668,-0.02131,0.0,-0.01376,-0.02183,0.0,0.03414,0.02629,0.0,-0.03291,-0.03227,0.0,0.01036,0.02028,0.0,0.04937],
"DataReadPortParam1":
{"PortName":"COM11",
"BaudRate":19200,
"StopBits":1,
"DataBits":8,
"Parity":0},
"DataReadPortParam2":
{"PortName":"COM12",
"BaudRate":19200,
"StopBits":1,
"DataBits":8,
"Parity":0},
"HeightSensorPortParam":
{"PortName":"COM2",
"BaudRate":9600,
"StopBits":1,
"DataBits":8,
"Parity":0},
"LightControlPortParam":
{"PortName":"COM3",
"BaudRate":19200,
"StopBits":1,
"DataBits":8,
"Parity":0},
"IoPortParam":
{"PortName":"COM5",
"BaudRate":19200,
"StopBits":1,
"DataBits":8,
"Parity":0},
"DictPos":
{"取料位1":980.0,
"扫码位1":630.0,
"等待位1":630.0,
"放料位1":980.0,
"取料位2":980.0,
"扫码位2":630.0,
"等待位2":630.0,
"放料位2":980.0},
"DictAxis":
{"取料位1":1,
"扫码位1":1,
"等待位1":1,
"放料位1":1,
"取料位2":2,
"扫码位2":2,
"等待位2":2,
"放料位2":2},
"DicCheck":
{"Power switch":
{"Xpos":38.915,
"Ypos":626.6,
"Zpos":40.0,
"Channel1":17,
"Channel2":29},
"Switch screw 1":
{"Xpos":35.215,
"Ypos":617.4,
"Zpos":40.0,
"Channel1":130,
"Channel2":85},
"Power flex&Connector buckle":
{"Xpos":34.615,
"Ypos":612.0,
"Zpos":40.0,
"Channel1":60,
"Channel2":135},
"E75 flex&Connector buckle":
{"Xpos":18.515,
"Ypos":489.8,
"Zpos":40.0,
"Channel1":50,
"Channel2":50},
"MLB flex&Connector buckle":
{"Xpos":27.415,
"Ypos":463.6,
"Zpos":40.0,
"Channel1":0,
"Channel2":70},
"Main board screw 3":
{"Xpos":18.615,
"Ypos":466.7,
"Zpos":40.0,
"Channel1":130,
"Channel2":0},
"Main board screw 2":
{"Xpos":18.615,
"Ypos":417.363,
"Zpos":40.0,
"Channel1":119,
"Channel2":122},
"Main board screw 1":
{"Xpos":34.615,
"Ypos":418.463,
"Zpos":40.0,
"Channel1":152,
"Channel2":92},
"Antenna shrapnel":
{"Xpos":34.764,
"Ypos":418.0,
"Zpos":40.0,
"Channel1":90,
"Channel2":150}},
"OffsetY2toY1":0.1,
"OffsetX2toX1":269.649,
"OffsetZ2toZ1":0.5,
"OffsetAltimeterToCameraX":-11.2,
"OffsetAltimeterToCameraY":-64.4,
"OffsetAltimeterToCameraZ":0.0,
"OffsetX":[-0.8,-2.0,-4.0,-1.2,-4.5,-3.0],
"OffsetY":[-0.3,-5.0,-5.0,-3.0,-3.0,-1.5]}