{"USL":[1.0,1.0,1.0,1.0,1.0,1.3,0.3,0.8,0.8,0.6,0.2,0.9,0.9,0.2,0.9,0.9,0.2,0.6,0.6,0.2,0.4],
"LSL":[0.8,0.8,0.8,0.8,0.2,0.2,0.1,0.0,0.0,0.0,0.0,0.7,0.7,0.0,1.1,1.1,0.0,0.4,0.4,0.0,0.2],
"Mult1":[1.0,1.0,1.0,1.0,1.0,1.0,1.0,1.0,1.0,1.0,1.0,1.0,1.0,1.0,1.0,1.0,1.0,1.0,1.0,1.0],
"Add1":[0.0,0.0,0.0,-0.00069,-0.0179,-0.02267,0.0,-0.01729,-0.01936,0.0,0.03279,0.02655,0.0,-0.03388,-0.03449,0.0,0.0082,0.01732,0.0,0.07865],
"Mult2":[1.0,1.0,1.0,1.0,1.0,1.0,1.0,1.0,1.0,1.0,1.0,1.0,1.0,1.0,1.0,1.0,1.0,1.0,1.0,1.0],
"Add2":[0.0,0.0,0.0,-0.00052,-0.00668,-0.02131,0.0,-0.01376,-0.02183,0.0,0.03414,0.02629,0.0,-0.03291,-0.03227,0.0,0.01036,0.02028,0.0,0.04937],
"NgCount":[9,0,8,5,7,1,0,3,0,0,9,0],
"DataReadPortParam1":{"PortName":"COM1",
"BaudRate":19200,
"StopBits":1,
"DataBits":8,
"Parity":0},
"DataReadPortParam2":{"PortName":"COM2",
"BaudRate":19200,
"StopBits":1,
"DataBits":8,
"Parity":0},
"HeightSensorPortParam":{"PortName":"COM3",
"BaudRate":19200,
"StopBits":1,
"DataBits":8,
"Parity":0},
"LightControlPortParam":{"PortName":"COM4",
"BaudRate":19200,
"StopBits":1,
"DataBits":8,
"Parity":0},
"IoPortParam":{"PortName":"COM5",
"BaudRate":19200,
"StopBits":1,
"DataBits":8,
"Parity":0},
"DictPos":{"取料位1":5000.0,
"扫码位1":5000.0,
"等待位1":5000.0,
"放料位1":5000.0,
"取料位2":5000.0,
"扫码位2":5000.0,
"等待位2":5000.0,
"放料位2":5000.0},
"DictAxis":{"取料位1":1,
"扫码位1":1,
"等待位1":1,
"放料位1":1,
"取料位2":1,
"扫码位2":1,
"等待位2":1,
"放料位2":1},
"DicCheck":{"Power switch":{"Xpos":0.0,
"Ypos":0.0,
"Zpos":0.0,
"Channel1":0,
"Channel2":0},
"Switch screw 1":{"Xpos":0.0,
"Ypos":0.0,
"Zpos":0.0,
"Channel1":87,
"Channel2":0},
"Switch screw 2":{"Xpos":0.0,
"Ypos":0.0,
"Zpos":0.0,
"Channel1":0,
"Channel2":0},
"Power flex&Connector buckle":{"Xpos":0.0,
"Ypos":0.0,
"Zpos":0.0,
"Channel1":0,
"Channel2":0},
"Mesa flex&Connector buckle":{"Xpos":0.0,
"Ypos":0.0,
"Zpos":0.0,
"Channel1":0,
"Channel2":0},
"Main board screw 4":{"Xpos":0.0,
"Ypos":0.0,
"Zpos":0.0,
"Channel1":0,
"Channel2":0},
"E75 flex&Connector buckle":{"Xpos":0.0,
"Ypos":0.0,
"Zpos":0.0,
"Channel1":0,
"Channel2":0},
"MLB flex&Connector buckle":{"Xpos":0.0,
"Ypos":0.0,
"Zpos":0.0,
"Channel1":0,
"Channel2":0},
"Main board screw 3":{"Xpos":0.0,
"Ypos":0.0,
"Zpos":0.0,
"Channel1":0,
"Channel2":0},
"Main board screw 2":{"Xpos":0.0,
"Ypos":0.0,
"Zpos":0.0,
"Channel1":0,
"Channel2":0},
"Main board screw 1":{"Xpos":0.0,
"Ypos":0.0,
"Zpos":0.0,
"Channel1":0,
"Channel2":0},
"Antenna shrapnel":{"Xpos":0.0,
"Ypos":0.0,
"Zpos":0.0,
"Channel1":0,
"Channel2":0}},
"OffsetY2toY1":8.0,
"OffsetX2toX1":8.0,
"OffsetZ2toZ1":8.0,
"OffsetAltimeterToCameraX":0.0,
"OffsetAltimeterToCameraY":0.0,
"OffsetAltimeterToCameraZ":0.0,
"OffsetX":[],
"OffsetY":[]}